compositions	Cho_milk
FAT	0.02227356
mSNF	0.0928277733333333
SNF	0.148043493333333
TS	0.170317053333333
Prot	0.0304945
Lactose	0.0472275
Moist	0.886682946666667
